{
    "Email":
    {
        "sendIftttAnEmail":
        {
            "AttachmentTemporaryUrl": "string",
            "From": "string",
            "Body": "string",
            "BodyHTML": "string",
            "Subject": "string",
            "AttachmentUrl": "string",
            "ReceivedAt": "string"
        }
    },
    "GoogleCalendar":
    {
        "newEventAdded":
        {
            "Title": "string",
            "Description": "string",
            "Where": "string",
            "Starts": "string",
            "Ends": "string",
            "EventUrl": "string",
            "VideoCallUrl": "string",
            "CreatedAt": "string"
        },
        "historyOfEventFromSearchStarts": [
        {
            "Title": "string",
            "Description": "string",
            "Where": "string",
            "Starts": "string",
            "Ends": "string",
            "EventUrl": "string",
            "VideoCallUrl": "string"
        }],
        "historyOfCalendarEventBeginnings": [
        {
            "Title": "string",
            "Description": "string",
            "Where": "string",
            "Starts": "string",
            "Ends": "string",
            "EventUrl": "string",
            "VideoCallUrl": "string"
        }],
        "searchEvents": [
        {
            "Id": "number",
            "Title": "string",
            "Description": "string",
            "Location": "string",
            "Start": "string",
            "End": "string",
            "EventUrl": "string",
            "HangoutsUrl": "string",
            "CreatedAt": "string",
            "Attendees": "string"
        }]
    },
    "GoogleTasks":
    {
        "listAllTasks": [
        {
            "TaskID": "string",
            "Title": "string",
            "Status": "string",
            "Notes": "string",
            "CompletedAt": "string",
            "Due": "string",
            "UpdatedAt": "string"
        }]
    },
    "Yelp":
    {
        "searchBusiness": [
        {
            "BusinessId": "number",
            "BusinessName": "string",
            "BusinessCategory": "string",
            "BusinessImageUrl": "string",
            "BusinessPhone": "string",
            "BusinessAddress": "string",
            "BusinessRating": "string"
        }]
    },
    "Fitbit":
    {
        "historyOfDailyActivitySummaries": [
        {
            "Date": "number",
            "TotalSteps": "string",
            "TotalFloorsClimbed": "string",
            "TotalCaloriesBurned": "string",
            "TotalElevationGained": "string",
            "TotalElevationGainedUnit": "string",
            "TotalDistanceCovered": "string",
            "TotalDistanceCoveredUnit": "string",
            "SedentaryMinutes": "string",
            "LightlyActiveMinutes": "string",
            "FairlyActiveMinutes": "string",
            "VeryActiveMinutes": "string"
        }]
    },
    "Youtube":
    {
        "recentLikedVideos": [
        {
            "Title": "number",
            "Description": "string",
            "Url": "string",
            "EmbedCode": "string",
            "LikedAt": "string"
        }]
    },
    "Smartlife":
    {
        "doorClosed":
        {
            "CreatedAt": "number",
            "DeviceName": "string"
        }
    },
    "DateAndTime":
    {
        "everyDayAt":
        {
            "CheckTime": "number"
        },
        "everyWeekdayAt":
        {
            "CheckTime": "number",
            "DayOfWeek": "number"
        }
    },
    "Trakt":
    {
        "mostWatchedMovies": [
        {
            "MovieId": "number",
            "MovieTitle": "string",
            "MovieYear": "string",
            "MoviePlays": "string",
            "LastWatchedAt": "string"
        }],
        "recommendedMovies": [
        {
            "MovieId": "number",
            "MovieTitle": "string",
            "MovieYear": "string",
            "MovieDescription": "string",
            "MovieTrailer": "string",
            "MovieGenre": "string",
            "MovieCertification": "string"
        }]
    },
    "Location":
    {
        "enterRegionLocation":
        {
            "OccurredAt": "string",
            "LocationMapImageUrl": "string",
            "LocationMapUrl": "string"
        }
    },
    "Weather":
    {
        "twoDayForecast": [
        {
            "SunriseAt": "string",
            "SunsetAt": "string",
            "ForecastUrl": "string",
            "Condition": "string",
            "TodaysConditionImageUrl": "string",
            "HighTempFahrenheit": "string",
            "HighTempCelsius": "string",
            "LowTempFahrenheit": "string",
            "LowTempCelsius": "string",
            "UvIndex": "string",
            "Humidity": "string",
            "WindSpeedMph": "string",
            "WindSpeedKph": "string",
            "WindDirection": "string",
            "Date": "string",
            "CheckTime": "string"
        }],
        "currentWeather": [
        {
            "SunriseAt": "string",
            "SunsetAt": "string",
            "CurrentTempFahrenheit": "string",
            "CurrentTempCelsius": "string",
            "CurrentCondition": "string",
            "CurrentConditionImageUrl": "string",
            "TodaysConditionImageUrl": "string",
            "ForecastUrl": "string",
            "TodaysCondition": "string",
            "HighTempFahrenheit": "string",
            "HighTempCelsius": "string",
            "LowTempFahrenheit": "string",
            "LowTempCelsius": "string",
            "UvIndex": "string",
            "Humidity": "string",
            "WindSpeedMph": "string",
            "WindSpeedKph": "string",
            "WindDirection": "string",
            "PollenCount": "string",
            "CheckTime": "string"
        }]
    },
    "Bouncie":
    {
        "fuelEcon":
        {
            "CreatedAt": "string",
            "VehicleName": "string",
            "FuelEcon": "string"
        }
    },
    "Finance":
    {
        "historyOfClosingPrices": [
        {
            "StockName": "string",
            "StockTicker": "string",
            "Price": "number",
            "InfoUrl": "string",
            "Date": "string"
        }]
    },
    "Smartthings":
    {
        "switchedOnSmartthings":
        {
            "SwitchedOnAt": "string",
            "SwitchName": "string"
        }
    },
    "Space":
    {
        "spaceStationOverheadSoonNasa":
        {
            "AppearsAt": "string",
            "DisappearsAt": "string",
            "DurationSeconds": "string",
            "LocationMapImageUrl": "string",
            "LocationMapUrl": "string"
        }
    },
    "Giphy":
    {
        "historyOfRandomGifBasedOnKeyword": [
        {
            "URL": "string",
            "ImageURL": "string",
            "TumblrImageURL": "string",
            "EmailHTML": "string",
            "EmbedCode": "string",
            "CreatedDate": "string"
        }]
    }
}